00163c9c-fc29-11e9-b6f9-72b5f773b75d.jpg,600,600,1,337,92,459,221
0029ff02-fc29-11e9-b6f9-72b5f773b75d.jpg,600,600,1,344,91,462,223
0084923c-fc29-11e9-b6f9-72b5f773b75d.jpg,600,600,1,220,71,337,225
00965c9c-fc29-11e9-b6f9-72b5f773b75d.jpg,600,600,1,224,73,335,223
00f152e6-fc29-11e9-b6f9-72b5f773b75d.jpg,600,600,1,226,63,345,228
00f152e6-fc29-11e9-b6f9-72b5f773b75d.jpg,600,600,1,227,51,367,226
01057bd6-fc29-11e9-b6f9-72b5f773b75d.jpg,600,600,1,231,69,348,225
0117c69c-fc29-11e9-b6f9-72b5f773b75d.jpg,600,600,1,229,71,348,230
012af4c4-fc29-11e9-b6f9-72b5f773b75d.jpg,600,600,1,231,58,356,231
013fd362-fc29-11e9-b6f9-72b5f773b75d.jpg,600,600,1,229,68,342,228
0151d2e2-fc29-11e9-b6f9-72b5f773b75d.jpg,600,600,1,229,66,345,226
0162c25a-fc29-11e9-b6f9-72b5f773b75d.jpg,600,600,1,230,65,342,229
01745e70-fc29-11e9-b6f9-72b5f773b75d.jpg,600,600,1,227,66,345,227
01870818-fc29-11e9-b6f9-72b5f773b75d.jpg,600,600,1,227,67,341,229
01f45922-fc29-11e9-b6f9-72b5f773b75d.jpg,600,600,1,225,59,350,227
0205ff38-fc29-11e9-b6f9-72b5f773b75d.jpg,600,600,1,227,58,357,225
021a132e-fc29-11e9-b6f9-72b5f773b75d.jpg,600,600,1,226,52,363,224
021a132e-fc29-11e9-b6f9-72b5f773b75d.jpg,600,600,1,223,49,366,222
022e6608-fc29-11e9-b6f9-72b5f773b75d.jpg,600,600,1,233,53,371,217
024066c8-fc29-11e9-b6f9-72b5f773b75d.jpg,600,600,1,245,55,376,222
0252f95a-fc29-11e9-b6f9-72b5f773b75d.jpg,600,600,1,250,56,384,221
02651dd8-fc29-11e9-b6f9-72b5f773b75d.jpg,600,600,1,271,64,386,220
0276fe5e-fc29-11e9-b6f9-72b5f773b75d.jpg,600,600,1,276,52,393,222
02a6588e-fc29-11e9-b6f9-72b5f773b75d.jpg,600,600,1,297,71,432,224
02b86290-fc29-11e9-b6f9-72b5f773b75d.jpg,600,600,1,306,75,435,224
02cacc96-fc29-11e9-b6f9-72b5f773b75d.jpg,600,600,1,317,78,445,222
02eda4fa-fc29-11e9-b6f9-72b5f773b75d.jpg,600,600,1,310,83,474,237
03340152-fc29-11e9-b6f9-72b5f773b75d.jpg,600,600,1,317,54,460,244
0385874a-fc04-11e9-b6f9-72b5f773b75d.jpg,600,600,2,347,142,392,214
03c41c4e-fc04-11e9-b6f9-72b5f773b75d.jpg,600,600,2,346,139,393,214
03d56a80-fc04-11e9-b6f9-72b5f773b75d.jpg,600,600,2,347,141,393,213
03f51880-fc04-11e9-b6f9-72b5f773b75d.jpg,600,600,2,348,139,394,215
04060226-fc04-11e9-b6f9-72b5f773b75d.jpg,600,600,2,349,138,393,215
04812bf2-fc29-11e9-b6f9-72b5f773b75d.jpg,600,600,1,315,65,470,247
04e3fbb0-fc29-11e9-b6f9-72b5f773b75d.jpg,600,600,1,289,49,433,239
04f81a14-fc29-11e9-b6f9-72b5f773b75d.jpg,600,600,1,284,52,431,237
050934f2-fc29-11e9-b6f9-72b5f773b75d.jpg,600,600,1,285,54,428,233
051b3f4e-fc29-11e9-b6f9-72b5f773b75d.jpg,600,600,1,283,43,429,234
052c71ba-fc29-11e9-b6f9-72b5f773b75d.jpg,600,600,1,286,45,431,233
053e209a-fc29-11e9-b6f9-72b5f773b75d.jpg,600,600,1,280,34,431,232
0550d7ee-fc29-11e9-b6f9-72b5f773b75d.jpg,600,600,1,278,35,429,231
0562763e-fc29-11e9-b6f9-72b5f773b75d.jpg,600,600,1,284,31,428,235
05876c8c-fc29-11e9-b6f9-72b5f773b75d.jpg,600,600,1,290,37,432,233
05997a08-fc29-11e9-b6f9-72b5f773b75d.jpg,600,600,1,280,42,435,234
05ae318c-fc29-11e9-b6f9-72b5f773b75d.jpg,600,600,1,278,46,437,237
100d0336-fc21-11e9-b6f9-72b5f773b75d.jpg,600,600,1,53,66,222,245
10bb80a4-fc04-11e9-b6f9-72b5f773b75d.jpg,600,600,2,396,140,459,224
114986e2-fc04-11e9-b6f9-72b5f773b75d.jpg,600,600,2,362,134,436,222
11d8abe2-fc04-11e9-b6f9-72b5f773b75d.jpg,600,600,2,374,78,477,218
11eca0c0-fc04-11e9-b6f9-72b5f773b75d.jpg,600,600,2,374,93,486,217
12323d88-fc04-11e9-b6f9-72b5f773b75d.jpg,600,600,2,173,46,275,225
1255462a-fc04-11e9-b6f9-72b5f773b75d.jpg,600,600,2,191,63,286,218
1267a248-fc04-11e9-b6f9-72b5f773b75d.jpg,600,600,2,196,54,287,221
12eec340-fc04-11e9-b6f9-72b5f773b75d.jpg,600,600,2,263,118,374,231
1aa15968-fb64-11e9-9404-72b5f773b75d.jpg,300,300,1,67,101,98,138
1c2dfc0a-fb64-11e9-9404-72b5f773b75d.jpg,300,300,1,54,87,96,145
1c3f65da-fb64-11e9-9404-72b5f773b75d.jpg,300,300,1,54,87,95,143
1d80713c-fb64-11e9-9404-72b5f773b75d.jpg,300,300,1,115,82,155,141
20e69dd8-fcb8-11e9-aacc-72b5f773b75d.jpg,600,600,2,196,151,277,324
20f975fc-fcb8-11e9-aacc-72b5f773b75d.jpg,600,600,2,203,138,284,306
212961ea-fcb8-11e9-aacc-72b5f773b75d.jpg,600,600,2,222,117,301,282
2148d048-fcb8-11e9-aacc-72b5f773b75d.jpg,600,600,2,236,78,312,249
215a2348-fcb8-11e9-aacc-72b5f773b75d.jpg,600,600,2,234,81,311,247
216be42a-fcb8-11e9-aacc-72b5f773b75d.jpg,600,600,2,235,79,313,253
217e4782-fcb8-11e9-aacc-72b5f773b75d.jpg,600,600,2,234,81,314,250
219174ce-fcb8-11e9-aacc-72b5f773b75d.jpg,600,600,2,234,84,313,253
21a47aa6-fcb8-11e9-aacc-72b5f773b75d.jpg,600,600,2,235,78,311,250
21b69e34-fcb8-11e9-aacc-72b5f773b75d.jpg,600,600,2,236,83,313,251
21cb5f40-fcb8-11e9-aacc-72b5f773b75d.jpg,600,600,2,234,80,313,251
21dee3b2-fcb8-11e9-aacc-72b5f773b75d.jpg,600,600,2,233,77,311,252
21f297ae-fcb8-11e9-aacc-72b5f773b75d.jpg,600,600,2,234,80,314,253
2206a456-fcb8-11e9-aacc-72b5f773b75d.jpg,600,600,2,234,78,315,252
2219728e-fcb8-11e9-aacc-72b5f773b75d.jpg,600,600,2,235,80,316,249
222b8a28-fcb8-11e9-aacc-72b5f773b75d.jpg,600,600,2,233,79,314,251
223d802a-fcb8-11e9-aacc-72b5f773b75d.jpg,600,600,2,233,78,312,250
2250e1a6-fcb8-11e9-aacc-72b5f773b75d.jpg,600,600,2,234,78,313,251
2263ea8a-fcb8-11e9-aacc-72b5f773b75d.jpg,600,600,2,233,81,313,248
22760ff8-fcb8-11e9-aacc-72b5f773b75d.jpg,600,600,2,235,78,314,251
22883656-fcb8-11e9-aacc-72b5f773b75d.jpg,600,600,2,233,78,314,250
2299b46c-fcb8-11e9-aacc-72b5f773b75d.jpg,600,600,2,233,78,311,244
22af7130-fcb8-11e9-aacc-72b5f773b75d.jpg,600,600,2,233,79,310,250
22c22514-fb64-11e9-9404-72b5f773b75d.jpg,300,300,1,133,97,163,140
22c2d23e-fcb8-11e9-aacc-72b5f773b75d.jpg,600,600,2,233,78,310,248
22d1a08e-fb64-11e9-9404-72b5f773b75d.jpg,300,300,1,131,96,164,140
22d85406-fcb8-11e9-aacc-72b5f773b75d.jpg,600,600,2,233,79,312,250
22ec83b8-fcb8-11e9-aacc-72b5f773b75d.jpg,600,600,2,234,80,314,248
22f82238-0481-11ea-b9d1-72b5f773b75d.jpg,600,600,2,321,0,526,185
22fed8f6-fcb8-11e9-aacc-72b5f773b75d.jpg,600,600,2,234,80,314,248
2312b862-fcb8-11e9-aacc-72b5f773b75d.jpg,600,600,2,233,79,314,252
2329feac-0481-11ea-b9d1-72b5f773b75d.jpg,600,600,2,251,0,491,161
234d0788-fcb8-11e9-aacc-72b5f773b75d.jpg,600,600,2,234,79,310,249
235ed9c2-fcb8-11e9-aacc-72b5f773b75d.jpg,600,600,2,233,78,314,251
23714814-fcb8-11e9-aacc-72b5f773b75d.jpg,600,600,2,233,79,313,250
237f7ddc-0580-11ea-aca9-72b5f773b75d.jpg,600,600,2,4,99,215,303
23829128-fcb8-11e9-aacc-72b5f773b75d.jpg,600,600,2,232,80,310,256
239917ba-0481-11ea-b9d1-72b5f773b75d.jpg,600,600,2,85,0,378,181
23a6c702-0580-11ea-aca9-72b5f773b75d.jpg,600,600,2,125,103,336,287
23a942aa-fcb8-11e9-aacc-72b5f773b75d.jpg,600,600,2,233,79,313,250
23aa53e0-0481-11ea-b9d1-72b5f773b75d.jpg,600,600,2,57,0,364,180
23bb6390-fcb8-11e9-aacc-72b5f773b75d.jpg,600,600,2,234,77,315,245
23d17ff4-fcb8-11e9-aacc-72b5f773b75d.jpg,600,600,2,232,82,314,254
23dd58ae-fcce-11e9-aacc-72b5f773b75d.jpg,600,600,2,446,59,600,287
23e47172-fcb8-11e9-aacc-72b5f773b75d.jpg,600,600,2,234,81,311,247
23f1080e-fcce-11e9-aacc-72b5f773b75d.jpg,600,600,2,430,50,596,286
23f69d70-fcb8-11e9-aacc-72b5f773b75d.jpg,600,600,2,234,82,314,243
23f6bafa-0481-11ea-b9d1-72b5f773b75d.jpg,600,600,2,0,1,208,214
2409e182-fcb8-11e9-aacc-72b5f773b75d.jpg,600,600,2,233,82,313,252
242a582c-fcb8-11e9-aacc-72b5f773b75d.jpg,600,600,2,253,80,328,248
2467d7a6-fcb8-11e9-aacc-72b5f773b75d.jpg,600,600,2,319,73,392,247
247a55a2-fcb8-11e9-aacc-72b5f773b75d.jpg,600,600,2,317,73,397,248
2482221e-fb64-11e9-9404-72b5f773b75d.jpg,300,300,1,108,87,154,143
248f8f9e-fcb8-11e9-aacc-72b5f773b75d.jpg,600,600,2,317,74,392,248
24a2767c-fcb8-11e9-aacc-72b5f773b75d.jpg,600,600,2,316,78,398,249
24ae69b4-fb64-11e9-9404-72b5f773b75d.jpg,300,300,1,108,86,153,146
24b8965a-fcb8-11e9-aacc-72b5f773b75d.jpg,600,600,2,316,74,395,250
24bdbee8-fcd9-11e9-aacc-72b5f773b75d.jpg,600,600,1,421,9,596,293
24cd7b6a-fb64-11e9-9404-72b5f773b75d.jpg,300,300,1,108,79,152,146
24cf1074-fcb8-11e9-aacc-72b5f773b75d.jpg,600,600,2,317,76,395,246
24d14b84-fcd9-11e9-aacc-72b5f773b75d.jpg,600,600,1,406,4,597,298
24e13b50-fcb8-11e9-aacc-72b5f773b75d.jpg,600,600,2,316,75,391,244
24f33968-fcb8-11e9-aacc-72b5f773b75d.jpg,600,600,2,316,75,394,249
2512a264-fcd9-11e9-aacc-72b5f773b75d.jpg,600,600,1,3,4,193,289
2525fb52-fcd9-11e9-aacc-72b5f773b75d.jpg,600,600,1,1,19,262,288
25296312-fcb8-11e9-aacc-72b5f773b75d.jpg,600,600,2,312,73,396,249
253db150-fcb8-11e9-aacc-72b5f773b75d.jpg,600,600,2,312,74,395,252
2548b046-fb64-11e9-9404-72b5f773b75d.jpg,300,300,1,100,88,146,146
256d7fcc-fcd9-11e9-aacc-72b5f773b75d.jpg,600,600,1,269,6,506,274
256ecfa6-fcb8-11e9-aacc-72b5f773b75d.jpg,600,600,2,310,78,398,254
2582f238-fcb8-11e9-aacc-72b5f773b75d.jpg,600,600,2,310,76,398,250
25835446-fcd9-11e9-aacc-72b5f773b75d.jpg,600,600,1,252,6,510,278
2593cf68-fb64-11e9-9404-72b5f773b75d.jpg,300,300,1,86,75,143,147
2595a484-fcd9-11e9-aacc-72b5f773b75d.jpg,600,600,1,240,2,487,276
2595d81c-fcb8-11e9-aacc-72b5f773b75d.jpg,600,600,2,312,78,396,247
25a439b6-fb64-11e9-9404-72b5f773b75d.jpg,300,300,1,84,76,144,147
25a7a7ec-fcd9-11e9-aacc-72b5f773b75d.jpg,600,600,1,233,5,477,278
25aa9c8e-fcb8-11e9-aacc-72b5f773b75d.jpg,600,600,2,311,76,393,249
25b9fc76-fcd9-11e9-aacc-72b5f773b75d.jpg,600,600,1,229,14,438,273
25bf71e0-fcb8-11e9-aacc-72b5f773b75d.jpg,600,600,2,312,76,402,252
25c2fcb6-fb64-11e9-9404-72b5f773b75d.jpg,300,300,1,89,77,142,147
25cc84c2-fcd9-11e9-aacc-72b5f773b75d.jpg,600,600,1,213,1,472,269
25d1e668-fcb8-11e9-aacc-72b5f773b75d.jpg,600,600,2,312,76,399,251
25d47518-fb64-11e9-9404-72b5f773b75d.jpg,300,300,1,89,74,141,145
25deb854-fcd9-11e9-aacc-72b5f773b75d.jpg,600,600,1,213,5,457,271
25e436c4-fb64-11e9-9404-72b5f773b75d.jpg,300,300,1,89,74,142,145
25f1723c-fcd9-11e9-aacc-72b5f773b75d.jpg,600,600,1,214,5,459,268
25f3a348-fb64-11e9-9404-72b5f773b75d.jpg,300,300,1,87,74,140,147
25f3ca80-fcb8-11e9-aacc-72b5f773b75d.jpg,600,600,2,312,76,401,251
260400fa-fcd9-11e9-aacc-72b5f773b75d.jpg,600,600,1,211,2,450,270
260590b2-fb64-11e9-9404-72b5f773b75d.jpg,300,300,1,87,76,141,146
2614d266-fcb8-11e9-aacc-72b5f773b75d.jpg,600,600,2,310,74,398,251
26164290-fb64-11e9-9404-72b5f773b75d.jpg,300,300,1,88,77,141,147
26187490-fcd9-11e9-aacc-72b5f773b75d.jpg,600,600,1,209,2,450,273
26273316-fcb8-11e9-aacc-72b5f773b75d.jpg,600,600,2,311,78,403,252
262d1e72-fcd9-11e9-aacc-72b5f773b75d.jpg,600,600,1,209,0,452,273
263f1730-fcd9-11e9-aacc-72b5f773b75d.jpg,600,600,1,199,0,450,272
2642da76-fb64-11e9-9404-72b5f773b75d.jpg,300,300,1,90,79,140,146
2653bf46-fcd9-11e9-aacc-72b5f773b75d.jpg,600,600,1,196,0,445,275
2659469e-fcb8-11e9-aacc-72b5f773b75d.jpg,600,600,2,311,78,401,248
26688d36-fcd9-11e9-aacc-72b5f773b75d.jpg,600,600,1,189,2,448,273
266d0990-fcb8-11e9-aacc-72b5f773b75d.jpg,600,600,2,312,79,399,252
267b08bc-fcd9-11e9-aacc-72b5f773b75d.jpg,600,600,1,183,2,443,274
268057e8-fcb8-11e9-aacc-72b5f773b75d.jpg,600,600,2,312,81,398,250
268c8e28-fb64-11e9-9404-72b5f773b75d.jpg,300,300,1,89,79,141,145
268e9c42-fcd9-11e9-aacc-72b5f773b75d.jpg,600,600,1,174,0,446,275
26948682-fcb8-11e9-aacc-72b5f773b75d.jpg,600,600,2,313,78,397,247
269be7e2-fb64-11e9-9404-72b5f773b75d.jpg,300,300,1,88,77,140,147
26a1ba0c-fcd9-11e9-aacc-72b5f773b75d.jpg,600,600,1,178,0,447,278
26a9dd02-fcb8-11e9-aacc-72b5f773b75d.jpg,600,600,2,312,78,396,246
26abc64e-fb64-11e9-9404-72b5f773b75d.jpg,300,300,1,88,75,140,146
26b42e44-fcd9-11e9-aacc-72b5f773b75d.jpg,600,600,1,174,0,444,280
26bc5c70-fb64-11e9-9404-72b5f773b75d.jpg,300,300,1,88,75,141,146
26bc94d8-fcb8-11e9-aacc-72b5f773b75d.jpg,600,600,2,313,79,396,242
26c6bae6-fcd9-11e9-aacc-72b5f773b75d.jpg,600,600,1,184,0,437,277
26ccdf6e-fb64-11e9-9404-72b5f773b75d.jpg,300,300,1,88,75,140,145
26cefe7a-fcb8-11e9-aacc-72b5f773b75d.jpg,600,600,2,312,78,403,249
26d95a0c-fcd9-11e9-aacc-72b5f773b75d.jpg,600,600,1,190,0,438,276
26e1ff02-fcb8-11e9-aacc-72b5f773b75d.jpg,600,600,2,315,79,395,247
26eab2e8-fcd9-11e9-aacc-72b5f773b75d.jpg,600,600,1,172,0,446,278
26eede02-fb64-11e9-9404-72b5f773b75d.jpg,300,300,1,93,80,140,146
26f4aed6-fcb8-11e9-aacc-72b5f773b75d.jpg,600,600,2,314,82,396,247
26fcdb08-fcd9-11e9-aacc-72b5f773b75d.jpg,600,600,1,177,13,443,279
26ff69b6-fb64-11e9-9404-72b5f773b75d.jpg,300,300,1,92,81,140,145
2706aa3c-fcb8-11e9-aacc-72b5f773b75d.jpg,600,600,2,314,82,398,245
270f1016-fcd9-11e9-aacc-72b5f773b75d.jpg,600,600,1,176,17,444,276
270feffc-fb64-11e9-9404-72b5f773b75d.jpg,300,300,1,92,87,139,145
2719af2e-fcb8-11e9-aacc-72b5f773b75d.jpg,600,600,2,314,82,394,246
2722f716-fcd9-11e9-aacc-72b5f773b75d.jpg,600,600,1,173,0,450,279
272c235c-fcb8-11e9-aacc-72b5f773b75d.jpg,600,600,2,314,83,394,250
2735a316-fcd9-11e9-aacc-72b5f773b75d.jpg,600,600,1,182,0,455,281
273e4d2a-fcb8-11e9-aacc-72b5f773b75d.jpg,600,600,2,314,82,398,245
274bc916-fcd9-11e9-aacc-72b5f773b75d.jpg,600,600,1,188,0,449,279
27503f9e-fcb8-11e9-aacc-72b5f773b75d.jpg,600,600,2,310,84,393,251
275ef126-fcd9-11e9-aacc-72b5f773b75d.jpg,600,600,1,192,0,443,279
2765ceea-fcb8-11e9-aacc-72b5f773b75d.jpg,600,600,2,309,88,392,251
277147c2-fcd9-11e9-aacc-72b5f773b75d.jpg,600,600,1,192,0,441,279
2778d4a4-fcb8-11e9-aacc-72b5f773b75d.jpg,600,600,2,299,83,392,251
2783c9a6-fcd9-11e9-aacc-72b5f773b75d.jpg,600,600,1,192,1,445,277
278d2be8-fcb8-11e9-aacc-72b5f773b75d.jpg,600,600,2,284,88,402,255
2796f40e-fcd9-11e9-aacc-72b5f773b75d.jpg,600,600,1,193,0,437,275
27a20036-fcb8-11e9-aacc-72b5f773b75d.jpg,600,600,2,271,91,397,258
27a80730-fcd9-11e9-aacc-72b5f773b75d.jpg,600,600,1,197,0,435,275
27b4905c-fcb8-11e9-aacc-72b5f773b75d.jpg,600,600,2,243,76,385,251
27b9c2ea-fcd9-11e9-aacc-72b5f773b75d.jpg,600,600,1,198,0,435,275
27be7b30-fb64-11e9-9404-72b5f773b75d.jpg,300,300,1,90,85,140,145
27ccdc0e-fcd9-11e9-aacc-72b5f773b75d.jpg,600,600,1,194,0,441,278
27deaa60-fcd9-11e9-aacc-72b5f773b75d.jpg,600,600,1,198,0,433,274
27f10778-fcd9-11e9-aacc-72b5f773b75d.jpg,600,600,1,206,2,430,283
27f2c426-fcb8-11e9-aacc-72b5f773b75d.jpg,600,600,2,203,147,386,327
27fe03fe-fb64-11e9-9404-72b5f773b75d.jpg,300,300,1,87,80,141,147
2803f6e2-fcb8-11e9-aacc-72b5f773b75d.jpg,600,600,2,179,151,380,349
280d7cee-fb64-11e9-9404-72b5f773b75d.jpg,300,300,1,87,75,140,145
2817bd3c-fcd9-11e9-aacc-72b5f773b75d.jpg,600,600,1,200,5,449,275
281cb1be-fb64-11e9-9404-72b5f773b75d.jpg,300,300,1,87,77,141,147
2825144e-fcb8-11e9-aacc-72b5f773b75d.jpg,600,600,2,138,107,354,321
282bdb4e-fb64-11e9-9404-72b5f773b75d.jpg,300,300,1,87,75,140,146
2837260c-fcb8-11e9-aacc-72b5f773b75d.jpg,600,600,2,125,107,330,299
283b8882-fb64-11e9-9404-72b5f773b75d.jpg,300,300,1,88,77,140,147
283f7a84-fcd9-11e9-aacc-72b5f773b75d.jpg,600,600,1,198,0,446,278
284880be-fcb8-11e9-aacc-72b5f773b75d.jpg,600,600,2,132,114,336,306
284b13c4-fb64-11e9-9404-72b5f773b75d.jpg,300,300,1,87,74,139,148
285a7986-fb64-11e9-9404-72b5f773b75d.jpg,300,300,1,87,75,141,146
2865f02e-fcd9-11e9-aacc-72b5f773b75d.jpg,600,600,1,209,2,451,279
286a3902-fb64-11e9-9404-72b5f773b75d.jpg,300,300,1,87,77,140,147
2879d29a-fb64-11e9-9404-72b5f773b75d.jpg,300,300,1,89,77,140,146
287ac26a-fcd9-11e9-aacc-72b5f773b75d.jpg,600,600,1,195,0,450,276
28896f52-fb64-11e9-9404-72b5f773b75d.jpg,300,300,1,88,76,141,146
288d00f6-fcd9-11e9-aacc-72b5f773b75d.jpg,600,600,1,199,0,445,274
28988a96-fb64-11e9-9404-72b5f773b75d.jpg,300,300,1,87,75,140,147
289f8be0-fcd9-11e9-aacc-72b5f773b75d.jpg,600,600,1,195,0,443,276
28a98ca6-fb64-11e9-9404-72b5f773b75d.jpg,300,300,1,88,75,141,145
28b25810-fcd9-11e9-aacc-72b5f773b75d.jpg,600,600,1,207,5,449,281
28c3c8fc-fcd9-11e9-aacc-72b5f773b75d.jpg,600,600,1,194,0,448,278
28c7fd08-fb64-11e9-9404-72b5f773b75d.jpg,300,300,1,88,75,141,146
28d65008-fcd9-11e9-aacc-72b5f773b75d.jpg,600,600,1,197,0,447,275
28d8cd18-fb64-11e9-9404-72b5f773b75d.jpg,300,300,1,91,78,140,144
28e8a262-fcd9-11e9-aacc-72b5f773b75d.jpg,600,600,1,195,0,448,273
28e96876-fb64-11e9-9404-72b5f773b75d.jpg,300,300,1,90,82,140,145
28fa123e-fb64-11e9-9404-72b5f773b75d.jpg,300,300,1,90,84,139,146
28ffccee-fcd9-11e9-aacc-72b5f773b75d.jpg,600,600,1,207,3,447,278
290a3894-fb64-11e9-9404-72b5f773b75d.jpg,300,300,1,91,83,140,144
2912c4e8-fcd9-11e9-aacc-72b5f773b75d.jpg,600,600,1,194,0,442,275
29198876-fb64-11e9-9404-72b5f773b75d.jpg,300,300,1,92,87,141,146
29267d08-fcd9-11e9-aacc-72b5f773b75d.jpg,600,600,1,196,0,440,275
292a75a0-fb64-11e9-9404-72b5f773b75d.jpg,300,300,1,95,85,140,144
293daa28-fcd9-11e9-aacc-72b5f773b75d.jpg,600,600,1,197,1,439,276
29505394-fcd9-11e9-aacc-72b5f773b75d.jpg,600,600,1,195,1,443,274
2956c754-fb64-11e9-9404-72b5f773b75d.jpg,300,300,1,87,90,144,145
2963992c-fcd9-11e9-aacc-72b5f773b75d.jpg,600,600,1,197,0,445,274
2976ba02-fcd9-11e9-aacc-72b5f773b75d.jpg,600,600,1,196,0,441,276
29838bcc-fb64-11e9-9404-72b5f773b75d.jpg,300,300,1,88,90,144,144
29893452-fcd9-11e9-aacc-72b5f773b75d.jpg,600,600,1,194,0,440,274
299c95ce-fcd9-11e9-aacc-72b5f773b75d.jpg,600,600,1,197,0,444,278
29aefd22-fcd9-11e9-aacc-72b5f773b75d.jpg,600,600,1,199,0,448,277
29b2d472-fb64-11e9-9404-72b5f773b75d.jpg,300,300,1,88,87,140,145
29c20f3e-fcd9-11e9-aacc-72b5f773b75d.jpg,600,600,1,192,0,449,276
29c4a35a-fb64-11e9-9404-72b5f773b75d.jpg,300,300,1,86,91,144,147
2a0cc272-fcd9-11e9-aacc-72b5f773b75d.jpg,600,600,1,196,33,451,278
2a220038-fcd9-11e9-aacc-72b5f773b75d.jpg,600,600,1,199,30,445,276
2a22483e-fb64-11e9-9404-72b5f773b75d.jpg,300,300,1,85,88,145,147
2a369bb0-fcd9-11e9-aacc-72b5f773b75d.jpg,600,600,1,196,33,434,276
2a4974c4-fcd9-11e9-aacc-72b5f773b75d.jpg,600,600,1,200,33,417,282
2a5c6624-fcd9-11e9-aacc-72b5f773b75d.jpg,600,600,1,204,38,400,285
2a7cc976-fb64-11e9-9404-72b5f773b75d.jpg,300,300,1,85,90,142,149
2a81f6a0-fcd9-11e9-aacc-72b5f773b75d.jpg,600,600,1,194,43,328,276
2a940e9e-fcd9-11e9-aacc-72b5f773b75d.jpg,600,600,1,192,45,325,282
2aa60cac-fcd9-11e9-aacc-72b5f773b75d.jpg,600,600,1,193,52,326,272
2ab88fa8-fcd9-11e9-aacc-72b5f773b75d.jpg,600,600,1,190,57,317,275
2b10a312-fb64-11e9-9404-72b5f773b75d.jpg,300,300,1,84,90,142,151
2b7edc60-fb64-11e9-9404-72b5f773b75d.jpg,300,300,1,86,91,145,147
2b8f523e-fb64-11e9-9404-72b5f773b75d.jpg,300,300,1,89,92,146,146
2b9ef176-fb64-11e9-9404-72b5f773b75d.jpg,300,300,1,88,91,145,146
2c2f7160-f9f2-11e9-956f-72b5f773b75d.jpg,300,300,2,62,93,136,156
2c2f7160-f9f2-11e9-956f-72b5f773b75d.jpg,300,300,2,63,91,134,152
2c60eda8-fb64-11e9-9404-72b5f773b75d.jpg,300,300,1,113,84,171,141
2c7123da-fb64-11e9-9404-72b5f773b75d.jpg,300,300,1,113,87,170,143
2c7b5ef4-f9f2-11e9-956f-72b5f773b75d.jpg,300,300,2,52,95,127,155
2c9129c8-fb64-11e9-9404-72b5f773b75d.jpg,300,300,1,119,85,184,145
2c9129c8-fb64-11e9-9404-72b5f773b75d.jpg,300,300,1,119,85,184,145
2caab76c-f9f2-11e9-956f-72b5f773b75d.jpg,300,300,2,56,94,127,153
2cb2d5c8-fb64-11e9-9404-72b5f773b75d.jpg,300,300,1,128,86,198,145
2cb2d5c8-fb64-11e9-9404-72b5f773b75d.jpg,300,300,1,128,86,198,145
2cc28d1a-fb64-11e9-9404-72b5f773b75d.jpg,300,300,1,137,89,203,145
2cc28d1a-fb64-11e9-9404-72b5f773b75d.jpg,300,300,1,138,90,205,145
2cd2c392-fb64-11e9-9404-72b5f773b75d.jpg,300,300,1,137,88,212,147
2cd2c392-fb64-11e9-9404-72b5f773b75d.jpg,300,300,1,138,87,213,147
2ce1dcce-fb64-11e9-9404-72b5f773b75d.jpg,300,300,1,141,87,214,144
2ce1dcce-fb64-11e9-9404-72b5f773b75d.jpg,300,300,1,141,87,214,144
2cf119be-fb64-11e9-9404-72b5f773b75d.jpg,300,300,1,142,88,223,145
2cf119be-fb64-11e9-9404-72b5f773b75d.jpg,300,300,1,142,88,223,145
2d012872-fb64-11e9-9404-72b5f773b75d.jpg,300,300,1,148,86,226,142
2d012872-fb64-11e9-9404-72b5f773b75d.jpg,300,300,1,148,86,226,142
2d109776-fb64-11e9-9404-72b5f773b75d.jpg,300,300,1,151,87,230,143
2d203e92-fb64-11e9-9404-72b5f773b75d.jpg,300,300,1,159,86,239,144
2d203e92-fb64-11e9-9404-72b5f773b75d.jpg,300,300,1,159,86,239,144
2d311afa-fb64-11e9-9404-72b5f773b75d.jpg,300,300,1,166,89,246,142
2d311afa-fb64-11e9-9404-72b5f773b75d.jpg,300,300,1,167,90,245,142
2d42f1c6-fb64-11e9-9404-72b5f773b75d.jpg,300,300,1,170,92,249,143
2d42f1c6-fb64-11e9-9404-72b5f773b75d.jpg,300,300,1,170,92,249,143
2d55d728-fb64-11e9-9404-72b5f773b75d.jpg,300,300,1,171,90,249,141
2d55d728-fb64-11e9-9404-72b5f773b75d.jpg,300,300,1,171,90,249,141
2daa7620-fb64-11e9-9404-72b5f773b75d.jpg,300,300,1,99,87,161,139
2daa7620-fb64-11e9-9404-72b5f773b75d.jpg,300,300,1,99,87,161,139
2e22137e-fb64-11e9-9404-72b5f773b75d.jpg,300,300,1,119,89,178,138
2e8a5baa-f9f2-11e9-956f-72b5f773b75d.jpg,300,300,2,66,94,112,150
2e9b1274-f9f2-11e9-956f-72b5f773b75d.jpg,300,300,2,64,95,116,151
2eac29ba-f9f2-11e9-956f-72b5f773b75d.jpg,300,300,2,64,100,112,151
2f2e0a16-fb64-11e9-9404-72b5f773b75d.jpg,300,300,1,190,100,229,135
3450bcd0-fc2e-11e9-b6f9-72b5f773b75d.jpg,600,600,1,10,8,280,263
3463e440-fc2e-11e9-b6f9-72b5f773b75d.jpg,600,600,1,65,4,283,262
34aa2da6-fc2e-11e9-b6f9-72b5f773b75d.jpg,600,600,1,327,14,534,258
34f36552-fc2e-11e9-b6f9-72b5f773b75d.jpg,600,600,1,224,11,445,259
35057648-fc2e-11e9-b6f9-72b5f773b75d.jpg,600,600,1,222,9,439,247
351775fa-fc2e-11e9-b6f9-72b5f773b75d.jpg,600,600,1,227,13,447,253
3529a554-fc2e-11e9-b6f9-72b5f773b75d.jpg,600,600,1,220,9,437,253
353bfd30-fc2e-11e9-b6f9-72b5f773b75d.jpg,600,600,1,227,4,451,256
354defc2-fc2e-11e9-b6f9-72b5f773b75d.jpg,600,600,1,232,0,475,260
355f3ba6-fc2e-11e9-b6f9-72b5f773b75d.jpg,600,600,1,230,8,480,263
3571c2d0-fc2e-11e9-b6f9-72b5f773b75d.jpg,600,600,1,233,15,495,258
3587cde6-fc2e-11e9-b6f9-72b5f773b75d.jpg,600,600,1,237,9,522,256
359c299e-fc2e-11e9-b6f9-72b5f773b75d.jpg,600,600,1,272,11,564,257
35b2c8f2-fc2e-11e9-b6f9-72b5f773b75d.jpg,600,600,1,332,12,563,257
35c11786-03d6-11ea-9a64-72b5f773b75d.jpg,600,600,2,323,2,600,348
36476714-fc2e-11e9-b6f9-72b5f773b75d.jpg,600,600,1,169,13,373,268
39daa7ac-03df-11ea-9a64-72b5f773b75d.jpg,600,600,2,317,6,593,359
3b11c080-fb5e-11e9-9404-72b5f773b75d.jpg,300,300,1,57,88,110,144
3b230034-fb5e-11e9-9404-72b5f773b75d.jpg,300,300,1,58,92,117,142
3b3565d0-fb5e-11e9-9404-72b5f773b75d.jpg,300,300,1,32,104,204,169
3baf965c-fb5e-11e9-9404-72b5f773b75d.jpg,300,300,1,165,90,214,140
40f88c26-fc09-11e9-b6f9-72b5f773b75d.jpg,600,600,2,161,97,270,221
42e7c89a-fb5e-11e9-9404-72b5f773b75d.jpg,300,300,1,172,87,218,140
42fc1db8-fb5e-11e9-9404-72b5f773b75d.jpg,300,300,1,172,89,220,141
434c4388-fb5e-11e9-9404-72b5f773b75d.jpg,300,300,1,152,91,206,137
435ba314-fb5e-11e9-9404-72b5f773b75d.jpg,300,300,1,153,90,206,138
436aafd0-fb5e-11e9-9404-72b5f773b75d.jpg,300,300,1,152,91,206,138
437a38d8-fb5e-11e9-9404-72b5f773b75d.jpg,300,300,1,151,91,206,138
4398421a-fb5e-11e9-9404-72b5f773b75d.jpg,300,300,1,155,91,207,138
43b61128-fb5e-11e9-9404-72b5f773b75d.jpg,300,300,1,155,91,207,138
43c5bc72-fb5e-11e9-9404-72b5f773b75d.jpg,300,300,1,156,91,207,138
43d5c658-fb5e-11e9-9404-72b5f773b75d.jpg,300,300,1,158,92,209,138
43e749c8-fb5e-11e9-9404-72b5f773b75d.jpg,300,300,1,157,90,209,138
43f8471e-fb5e-11e9-9404-72b5f773b75d.jpg,300,300,1,156,90,207,138
440a3d16-fb5e-11e9-9404-72b5f773b75d.jpg,300,300,1,159,91,208,137
441be0f2-fb5e-11e9-9404-72b5f773b75d.jpg,300,300,1,157,91,208,137
442c4262-fb5e-11e9-9404-72b5f773b75d.jpg,300,300,1,157,91,208,137
443c60c0-fb5e-11e9-9404-72b5f773b75d.jpg,300,300,1,157,92,208,138
444bc286-fb5e-11e9-9404-72b5f773b75d.jpg,300,300,1,156,92,207,138
445b53ae-fb5e-11e9-9404-72b5f773b75d.jpg,300,300,1,158,91,209,137
44792028-fb5e-11e9-9404-72b5f773b75d.jpg,300,300,1,155,91,206,138
44a503c8-fb5e-11e9-9404-72b5f773b75d.jpg,300,300,1,156,92,206,137
44e25b4c-fb5e-11e9-9404-72b5f773b75d.jpg,300,300,1,161,90,214,137
44f2eb06-fb5e-11e9-9404-72b5f773b75d.jpg,300,300,1,161,93,213,138
450363aa-fb5e-11e9-9404-72b5f773b75d.jpg,300,300,1,164,93,215,139
450363aa-fb5e-11e9-9404-72b5f773b75d.jpg,300,300,1,162,92,213,137
4519cdb6-fb5e-11e9-9404-72b5f773b75d.jpg,300,300,1,163,94,217,136
460b0542-05a3-11ea-aca9-72b5f773b75d.jpg,600,600,2,279,7,590,329
4a19e176-0580-11ea-aca9-72b5f773b75d.jpg,600,600,2,326,60,588,298
4a2f1780-0580-11ea-aca9-72b5f773b75d.jpg,600,600,2,268,48,577,288
5142f89c-f9d3-11e9-956f-72b5f773b75d.jpg,300,300,1,189,88,233,144
5153f4da-f9d3-11e9-956f-72b5f773b75d.jpg,300,300,1,192,88,234,145
53e5d744-fbdc-11e9-b6f9-72b5f773b75d.jpg,600,600,1,251,176,371,590
540ec200-fcb6-11e9-aacc-72b5f773b75d.jpg,600,600,1,453,2,569,243
542f4b46-f9d3-11e9-956f-72b5f773b75d.jpg,300,300,1,155,93,206,146
543e4fce-f9d3-11e9-956f-72b5f773b75d.jpg,300,300,1,154,93,207,145
543e4fce-f9d3-11e9-956f-72b5f773b75d.jpg,300,300,1,154,93,207,145
5440acb6-fcb6-11e9-aacc-72b5f773b75d.jpg,600,600,1,236,10,461,210
544d627a-f9d3-11e9-956f-72b5f773b75d.jpg,300,300,1,157,93,212,144
544d627a-f9d3-11e9-956f-72b5f773b75d.jpg,300,300,1,157,95,211,143
54513982-fcb6-11e9-aacc-72b5f773b75d.jpg,600,600,1,247,9,410,239
545c6d24-f9d3-11e9-956f-72b5f773b75d.jpg,300,300,1,161,96,216,145
546baadc-f9d3-11e9-956f-72b5f773b75d.jpg,300,300,1,161,97,221,145
54739612-fcb6-11e9-aacc-72b5f773b75d.jpg,600,600,1,253,22,412,239
54739612-fcb6-11e9-aacc-72b5f773b75d.jpg,600,600,1,318,0,454,231
547aceae-f9d3-11e9-956f-72b5f773b75d.jpg,300,300,1,161,96,223,145
547aceae-f9d3-11e9-956f-72b5f773b75d.jpg,300,300,1,161,96,223,145
5485baf4-fcb6-11e9-aacc-72b5f773b75d.jpg,600,600,1,260,20,409,241
5485baf4-fcb6-11e9-aacc-72b5f773b75d.jpg,600,600,1,321,0,452,237
548a9ab4-f9d3-11e9-956f-72b5f773b75d.jpg,300,300,1,163,93,232,146
548b120e-fbdc-11e9-b6f9-72b5f773b75d.jpg,600,600,1,315,204,427,593
5498bf46-fcb6-11e9-aacc-72b5f773b75d.jpg,600,600,1,255,21,424,238
5498bf46-fcb6-11e9-aacc-72b5f773b75d.jpg,600,600,1,309,2,450,232
549b9eb8-f9d3-11e9-956f-72b5f773b75d.jpg,300,300,1,174,97,233,143
549b9eb8-f9d3-11e9-956f-72b5f773b75d.jpg,300,300,1,176,97,233,143
54aae234-fcb6-11e9-aacc-72b5f773b75d.jpg,600,600,1,253,20,416,233
54aae234-fcb6-11e9-aacc-72b5f773b75d.jpg,600,600,1,311,2,448,233
54afa82c-f9d3-11e9-956f-72b5f773b75d.jpg,300,300,1,176,97,237,144
54afa82c-f9d3-11e9-956f-72b5f773b75d.jpg,300,300,1,176,97,237,144
54bd49ce-fcb6-11e9-aacc-72b5f773b75d.jpg,600,600,1,241,16,414,233
54cf043e-fcb6-11e9-aacc-72b5f773b75d.jpg,600,600,1,248,8,402,234
550a743c-f9d3-11e9-956f-72b5f773b75d.jpg,300,300,1,126,94,183,140
55229728-fbdc-11e9-b6f9-72b5f773b75d.jpg,600,600,1,223,160,585,487
5536b804-fcb6-11e9-aacc-72b5f773b75d.jpg,600,600,1,234,11,418,233
5592eaf2-fcb6-11e9-aacc-72b5f773b75d.jpg,600,600,1,222,69,318,233
55a4ff58-fcb6-11e9-aacc-72b5f773b75d.jpg,600,600,1,221,67,322,232
55b62350-fcb6-11e9-aacc-72b5f773b75d.jpg,600,600,1,222,67,331,232
55d50e96-fcb6-11e9-aacc-72b5f773b75d.jpg,600,600,1,220,62,323,233
55e5fb7a-fcb6-11e9-aacc-72b5f773b75d.jpg,600,600,1,220,57,335,239
5654fc94-fbdc-11e9-b6f9-72b5f773b75d.jpg,600,600,1,256,224,592,516
57aa1d54-fbdc-11e9-b6f9-72b5f773b75d.jpg,600,600,1,262,215,582,474
58ad1e4c-fcb6-11e9-aacc-72b5f773b75d.jpg,600,600,1,234,28,399,240
5955a206-fcb6-11e9-aacc-72b5f773b75d.jpg,600,600,1,229,9,317,249
5992988c-fcb6-11e9-aacc-72b5f773b75d.jpg,600,600,1,234,23,435,236
5a25a4ba-fcb6-11e9-aacc-72b5f773b75d.jpg,600,600,1,227,2,341,242
5ae75964-fbdc-11e9-b6f9-72b5f773b75d.jpg,600,600,1,271,127,402,381
5b6e0628-fcb6-11e9-aacc-72b5f773b75d.jpg,600,600,1,213,48,350,242
5b7e9114-fcb6-11e9-aacc-72b5f773b75d.jpg,600,600,1,219,53,355,242
5b8f3064-fcb6-11e9-aacc-72b5f773b75d.jpg,600,600,1,215,70,318,247
5f77be74-08ac-11ea-97d8-72b5f773b75d.jpg,600,600,2,252,201,348,354
61af1678-fcc8-11e9-aacc-72b5f773b75d.jpg,600,600,2,324,50,406,285
61b3656e-fcb6-11e9-aacc-72b5f773b75d.jpg,600,600,1,217,105,329,247
61b3656e-fcb6-11e9-aacc-72b5f773b75d.jpg,600,600,1,217,105,329,247
61d07e6c-fcc8-11e9-aacc-72b5f773b75d.jpg,600,600,2,325,48,470,281
61e359e2-fcc8-11e9-aacc-72b5f773b75d.jpg,600,600,2,326,47,487,278
61f70fbe-fcc8-11e9-aacc-72b5f773b75d.jpg,600,600,2,331,44,520,282
65ba7f58-fcb6-11e9-aacc-72b5f773b75d.jpg,600,600,1,212,104,341,245
65ba7f58-fcb6-11e9-aacc-72b5f773b75d.jpg,600,600,1,216,103,340,249
65cc093a-fcb6-11e9-aacc-72b5f773b75d.jpg,600,600,1,211,71,350,248
65d4f63c-fcc8-11e9-aacc-72b5f773b75d.jpg,600,600,1,0,38,125,300
65dd724c-fcb6-11e9-aacc-72b5f773b75d.jpg,600,600,1,219,49,360,247
65f0bd02-fcb6-11e9-aacc-72b5f773b75d.jpg,600,600,1,219,47,353,240
65f0bd02-fcb6-11e9-aacc-72b5f773b75d.jpg,600,600,1,214,61,331,255
661a090c-fcc8-11e9-aacc-72b5f773b75d.jpg,600,600,1,108,40,338,252
662f528a-fcc8-11e9-aacc-72b5f773b75d.jpg,600,600,1,130,38,267,253
6639518c-fbdc-11e9-b6f9-72b5f773b75d.jpg,600,600,1,209,106,496,594
66a309d0-fcb6-11e9-aacc-72b5f773b75d.jpg,600,600,1,219,19,331,245
66a309d0-fcb6-11e9-aacc-72b5f773b75d.jpg,600,600,1,215,29,311,248
66b46bf8-fcb6-11e9-aacc-72b5f773b75d.jpg,600,600,1,217,26,304,250
66c6b86c-fcb6-11e9-aacc-72b5f773b75d.jpg,600,600,1,217,23,305,250
66d7c382-fcb6-11e9-aacc-72b5f773b75d.jpg,600,600,1,216,21,304,247
66e86854-fcb6-11e9-aacc-72b5f773b75d.jpg,600,600,1,217,24,303,251
66f22edc-08ac-11ea-97d8-72b5f773b75d.jpg,600,600,2,252,189,350,354
66fb4550-fcb6-11e9-aacc-72b5f773b75d.jpg,600,600,1,216,21,302,250
6712f398-fb63-11e9-9404-72b5f773b75d.jpg,300,300,2,44,50,131,163
6723fb70-fb63-11e9-9404-72b5f773b75d.jpg,300,300,2,63,67,142,153
6733b732-fcb6-11e9-aacc-72b5f773b75d.jpg,600,600,1,216,22,301,250
6757564c-fcb6-11e9-aacc-72b5f773b75d.jpg,600,600,1,216,22,304,249
6757564c-fcb6-11e9-aacc-72b5f773b75d.jpg,600,600,1,216,22,304,249
6780afa0-fb63-11e9-9404-72b5f773b75d.jpg,300,300,2,143,85,216,146
67a0b5e8-fb63-11e9-9404-72b5f773b75d.jpg,300,300,2,150,81,216,142
67ad50ba-fcb6-11e9-aacc-72b5f773b75d.jpg,600,600,1,217,25,301,246
67b06196-fb63-11e9-9404-72b5f773b75d.jpg,300,300,2,130,59,217,144
67bfc226-fb63-11e9-9404-72b5f773b75d.jpg,300,300,2,148,59,224,153
680dd3ee-fb63-11e9-9404-72b5f773b75d.jpg,300,300,2,144,62,224,152
68ee04ae-08ac-11ea-97d8-72b5f773b75d.jpg,600,600,2,262,152,351,362
6ab3444a-fcb6-11e9-aacc-72b5f773b75d.jpg,600,600,1,214,98,339,247
6ab3444a-fcb6-11e9-aacc-72b5f773b75d.jpg,600,600,1,214,98,339,247
6ffc568a-fcb6-11e9-aacc-72b5f773b75d.jpg,600,600,1,217,105,333,243
6ffe3ef4-fb63-11e9-9404-72b5f773b75d.jpg,300,300,1,184,60,239,139
73bbee56-fb63-11e9-9404-72b5f773b75d.jpg,300,300,1,230,12,300,219
74060702-fb63-11e9-9404-72b5f773b75d.jpg,300,300,1,243,31,299,233
7416d866-fb63-11e9-9404-72b5f773b75d.jpg,300,300,1,236,3,298,229
74282eb8-fb63-11e9-9404-72b5f773b75d.jpg,300,300,1,236,2,298,227
7439e248-fb63-11e9-9404-72b5f773b75d.jpg,300,300,1,237,4,298,230
745dee90-fb63-11e9-9404-72b5f773b75d.jpg,300,300,1,242,35,300,234
7470a18e-fb63-11e9-9404-72b5f773b75d.jpg,300,300,1,243,35,300,236
7482952e-fb63-11e9-9404-72b5f773b75d.jpg,300,300,1,243,37,300,238
750dc022-fb63-11e9-9404-72b5f773b75d.jpg,300,300,1,166,57,294,245
75269404-fcb6-11e9-aacc-72b5f773b75d.jpg,600,600,1,217,105,335,243
7531bacc-fb63-11e9-9404-72b5f773b75d.jpg,300,300,1,166,46,287,239
75441b5e-fb63-11e9-9404-72b5f773b75d.jpg,300,300,1,167,47,283,242
755613ea-fb63-11e9-9404-72b5f773b75d.jpg,300,300,1,164,44,284,242
75693498-fb63-11e9-9404-72b5f773b75d.jpg,300,300,1,165,42,289,240
7610c71c-fb63-11e9-9404-72b5f773b75d.jpg,300,300,1,166,48,271,237
76239d60-fb63-11e9-9404-72b5f773b75d.jpg,300,300,1,164,48,272,238
763645e6-fb63-11e9-9404-72b5f773b75d.jpg,300,300,1,161,48,269,234
76483094-fb63-11e9-9404-72b5f773b75d.jpg,300,300,1,162,45,270,237
7659c23c-fb63-11e9-9404-72b5f773b75d.jpg,300,300,1,167,43,255,231
77107676-fb63-11e9-9404-72b5f773b75d.jpg,300,300,1,185,70,242,238
7721fb30-fb63-11e9-9404-72b5f773b75d.jpg,300,300,1,181,73,242,235
7734771a-fb63-11e9-9404-72b5f773b75d.jpg,300,300,1,181,70,241,233
7747acf4-fb63-11e9-9404-72b5f773b75d.jpg,300,300,1,177,65,241,234
77771192-fb63-11e9-9404-72b5f773b75d.jpg,300,300,1,170,49,228,222
7789bc5c-fb63-11e9-9404-72b5f773b75d.jpg,300,300,1,153,65,208,213
7789bc5c-fb63-11e9-9404-72b5f773b75d.jpg,300,300,1,153,65,208,213
7804bd6c-fb63-11e9-9404-72b5f773b75d.jpg,300,300,1,160,60,199,162
78157bca-fb63-11e9-9404-72b5f773b75d.jpg,300,300,1,153,57,194,158
782481ce-fb63-11e9-9404-72b5f773b75d.jpg,300,300,1,148,54,189,156
78302638-fcb6-11e9-aacc-72b5f773b75d.jpg,600,600,1,221,12,297,245
7842c03a-fb63-11e9-9404-72b5f773b75d.jpg,300,300,1,144,41,185,146
7852c246-fb63-11e9-9404-72b5f773b75d.jpg,300,300,1,142,46,182,147
78658aee-fcb6-11e9-aacc-72b5f773b75d.jpg,600,600,1,219,12,295,241
78721e5c-fb63-11e9-9404-72b5f773b75d.jpg,300,300,1,131,35,177,147
78825786-fb63-11e9-9404-72b5f773b75d.jpg,300,300,1,131,40,176,149
7a1a3c0e-fcb6-11e9-aacc-72b5f773b75d.jpg,600,600,1,220,17,297,245
7a3a86ca-fb63-11e9-9404-72b5f773b75d.jpg,300,300,1,131,46,175,153
7abc76cc-fcb6-11e9-aacc-72b5f773b75d.jpg,600,600,1,218,18,297,244
7bd8a4b8-fcb6-11e9-aacc-72b5f773b75d.jpg,600,600,1,219,45,296,251
7c29e0a2-fb63-11e9-9404-72b5f773b75d.jpg,300,300,1,139,43,186,145
7c39587a-fb63-11e9-9404-72b5f773b75d.jpg,300,300,1,142,45,187,149
7c58dc90-fb63-11e9-9404-72b5f773b75d.jpg,300,300,1,153,65,199,184
7c9e3f20-fcb6-11e9-aacc-72b5f773b75d.jpg,600,600,1,213,64,289,247
7cd22442-fb63-11e9-9404-72b5f773b75d.jpg,300,300,1,53,85,117,254
7cdb7e30-fcb6-11e9-aacc-72b5f773b75d.jpg,600,600,1,219,66,290,246
7ce304ba-fb63-11e9-9404-72b5f773b75d.jpg,300,300,1,42,79,114,262
7ce304ba-fb63-11e9-9404-72b5f773b75d.jpg,300,300,1,42,80,113,259
7cf43dde-fb63-11e9-9404-72b5f773b75d.jpg,300,300,1,29,78,97,272
7d06ac28-fc0b-11e9-b6f9-72b5f773b75d.jpg,600,600,2,114,115,213,229
7d08207e-fb63-11e9-9404-72b5f773b75d.jpg,300,300,1,18,84,94,281
7d198ddc-fb63-11e9-9404-72b5f773b75d.jpg,300,300,1,11,88,98,286
7d2cffe8-fb63-11e9-9404-72b5f773b75d.jpg,300,300,1,2,92,113,295
7d314630-fcb6-11e9-aacc-72b5f773b75d.jpg,600,600,1,222,65,295,246
7d40d8ba-fb63-11e9-9404-72b5f773b75d.jpg,300,300,1,4,95,104,294
7d437a62-fcb6-11e9-aacc-72b5f773b75d.jpg,600,600,1,224,67,296,248
7d437a62-fcb6-11e9-aacc-72b5f773b75d.jpg,600,600,1,224,67,296,248
7d4b04d6-fc0b-11e9-b6f9-72b5f773b75d.jpg,600,600,2,215,128,329,223
7d4b04d6-fc0b-11e9-b6f9-72b5f773b75d.jpg,600,600,2,254,56,346,214
7d58a766-fcb6-11e9-aacc-72b5f773b75d.jpg,600,600,1,223,74,293,246
7d58a766-fcb6-11e9-aacc-72b5f773b75d.jpg,600,600,1,223,74,293,246
7d59e530-fb63-11e9-9404-72b5f773b75d.jpg,300,300,1,12,95,98,285
7d5cc3ec-fc0b-11e9-b6f9-72b5f773b75d.jpg,600,600,2,224,101,331,225
7d5cc3ec-fc0b-11e9-b6f9-72b5f773b75d.jpg,600,600,2,244,57,345,216
7d6a4584-fcb6-11e9-aacc-72b5f773b75d.jpg,600,600,1,224,68,296,247
7d6a4584-fcb6-11e9-aacc-72b5f773b75d.jpg,600,600,1,224,68,296,247
7d6c1516-fb63-11e9-9404-72b5f773b75d.jpg,300,300,1,45,61,122,269
7d6c1516-fb63-11e9-9404-72b5f773b75d.jpg,300,300,1,45,61,122,269
7d6f906c-fc0b-11e9-b6f9-72b5f773b75d.jpg,600,600,2,228,102,330,224
7d6f906c-fc0b-11e9-b6f9-72b5f773b75d.jpg,600,600,2,241,65,344,217
7d82edb0-fc0b-11e9-b6f9-72b5f773b75d.jpg,600,600,2,227,87,345,222
7d8328ec-fcb6-11e9-aacc-72b5f773b75d.jpg,600,600,1,222,73,298,247
7d900aac-fb63-11e9-9404-72b5f773b75d.jpg,300,300,1,85,55,164,248
7d95a3c4-fc0b-11e9-b6f9-72b5f773b75d.jpg,600,600,2,236,71,349,220
7d963d4c-fcb6-11e9-aacc-72b5f773b75d.jpg,600,600,1,222,75,301,248
7da773be-fcb6-11e9-aacc-72b5f773b75d.jpg,600,600,1,222,77,298,248
7da99afa-fc0b-11e9-b6f9-72b5f773b75d.jpg,600,600,2,235,68,348,227
7db80a08-fcb6-11e9-aacc-72b5f773b75d.jpg,600,600,1,223,73,298,248
7db80a08-fcb6-11e9-aacc-72b5f773b75d.jpg,600,600,1,223,73,298,248
7dbcf276-fc0b-11e9-b6f9-72b5f773b75d.jpg,600,600,2,248,56,349,225
7dceefc6-fc0b-11e9-b6f9-72b5f773b75d.jpg,600,600,2,255,64,359,222
7de0c688-fc0b-11e9-b6f9-72b5f773b75d.jpg,600,600,2,259,71,365,221
7de6ee9a-fcb6-11e9-aacc-72b5f773b75d.jpg,600,600,1,219,43,299,250
7df26f3c-fc0b-11e9-b6f9-72b5f773b75d.jpg,600,600,2,263,56,363,221
7df95cd8-fcb6-11e9-aacc-72b5f773b75d.jpg,600,600,1,220,31,300,250
7e0c5c48-fcb6-11e9-aacc-72b5f773b75d.jpg,600,600,1,221,33,299,254
7e1e79c2-fb63-11e9-9404-72b5f773b75d.jpg,300,300,1,136,55,212,240
7e2d0844-fcb6-11e9-aacc-72b5f773b75d.jpg,600,600,1,221,32,298,252
7e8e3316-fb63-11e9-9404-72b5f773b75d.jpg,300,300,1,140,47,189,254
83fc88a0-f9d0-11e9-956f-72b5f773b75d.jpg,300,300,2,123,90,236,279
8433775c-f9d0-11e9-956f-72b5f773b75d.jpg,300,300,2,132,105,213,243
846079e6-f9d0-11e9-956f-72b5f773b75d.jpg,300,300,2,133,103,207,237
846079e6-f9d0-11e9-956f-72b5f773b75d.jpg,300,300,2,128,97,236,268
848cf426-f9d0-11e9-956f-72b5f773b75d.jpg,300,300,2,134,94,231,271
84b9361c-f9d0-11e9-956f-72b5f773b75d.jpg,300,300,2,143,108,248,286
84d60a56-fcb6-11e9-aacc-72b5f773b75d.jpg,600,600,1,217,16,307,242
84deb0d6-f9ee-11e9-956f-72b5f773b75d.jpg,300,300,1,104,98,166,145
84e9c160-f9d0-11e9-956f-72b5f773b75d.jpg,300,300,2,138,108,241,277
84edad8e-f9ee-11e9-956f-72b5f773b75d.jpg,300,300,1,101,99,163,143
8613402a-f9ee-11e9-956f-72b5f773b75d.jpg,300,300,1,45,102,98,152
892961ba-fb63-11e9-9404-72b5f773b75d.jpg,300,300,1,117,89,180,142
8939a20a-fb63-11e9-9404-72b5f773b75d.jpg,300,300,1,118,87,181,144
894902ae-fb63-11e9-9404-72b5f773b75d.jpg,300,300,1,118,85,183,141
8996a158-fb63-11e9-9404-72b5f773b75d.jpg,300,300,1,127,86,204,142
89b5c3a8-fb63-11e9-9404-72b5f773b75d.jpg,300,300,1,140,85,214,139
8fdbc97c-03d7-11ea-9a64-72b5f773b75d.jpg,600,600,2,125,116,225,228
901f74a6-03d7-11ea-9a64-72b5f773b75d.jpg,600,600,2,212,106,318,221
90301fb8-03d7-11ea-9a64-72b5f773b75d.jpg,600,600,2,222,113,326,223
904433c2-03d7-11ea-9a64-72b5f773b75d.jpg,600,600,2,221,115,334,228
9077a5ae-03d7-11ea-9a64-72b5f773b75d.jpg,600,600,2,257,96,368,228
90b5827a-03d7-11ea-9a64-72b5f773b75d.jpg,600,600,2,282,98,406,231
90c95412-fcb6-11e9-aacc-72b5f773b75d.jpg,600,600,1,221,26,302,253
90d4b21c-03d7-11ea-9a64-72b5f773b75d.jpg,600,600,2,306,100,427,235
90ef4b54-fcb6-11e9-aacc-72b5f773b75d.jpg,600,600,1,220,36,303,252
91176fda-fcb6-11e9-aacc-72b5f773b75d.jpg,600,600,1,217,34,306,250
91585cfc-fcb6-11e9-aacc-72b5f773b75d.jpg,600,600,1,219,35,308,251
91afd7e8-fcb6-11e9-aacc-72b5f773b75d.jpg,600,600,1,219,31,303,251
91f2689c-fcb6-11e9-aacc-72b5f773b75d.jpg,600,600,1,218,38,310,250
92773efc-03df-11ea-9a64-72b5f773b75d.jpg,600,600,2,97,122,228,222
92c08ad0-03df-11ea-9a64-72b5f773b75d.jpg,600,600,2,200,125,320,225
92d3228a-03df-11ea-9a64-72b5f773b75d.jpg,600,600,2,247,128,375,219
92da47a2-fcb6-11e9-aacc-72b5f773b75d.jpg,600,600,1,219,33,307,246
92e512f6-03df-11ea-9a64-72b5f773b75d.jpg,600,600,2,255,122,374,222
92f57fb0-03df-11ea-9a64-72b5f773b75d.jpg,600,600,2,265,122,391,224
92fcf400-fcb6-11e9-aacc-72b5f773b75d.jpg,600,600,1,219,33,306,244
93062d88-03df-11ea-9a64-72b5f773b75d.jpg,600,600,2,266,126,399,228
932653e2-03df-11ea-9a64-72b5f773b75d.jpg,600,600,2,307,100,413,225
9337e0e4-03df-11ea-9a64-72b5f773b75d.jpg,600,600,2,314,109,428,232
93581f62-03df-11ea-9a64-72b5f773b75d.jpg,600,600,2,320,112,441,233
936a025e-03df-11ea-9a64-72b5f773b75d.jpg,600,600,2,334,117,444,231
93d7760e-03df-11ea-9a64-72b5f773b75d.jpg,600,600,2,394,110,474,248
94d719ba-f9f3-11e9-956f-72b5f773b75d.jpg,300,300,2,211,99,270,150
95244622-f9f3-11e9-956f-72b5f773b75d.jpg,300,300,2,163,93,231,151
95244622-f9f3-11e9-956f-72b5f773b75d.jpg,300,300,2,163,93,231,151
96afb12e-03ef-11ea-b56a-72b5f773b75d.jpg,600,600,2,259,56,501,281
96cd26aa-03ef-11ea-b56a-72b5f773b75d.jpg,600,600,2,224,13,408,253
96d15094-fcb6-11e9-aacc-72b5f773b75d.jpg,600,600,1,222,37,299,249
96df19d2-03ef-11ea-b56a-72b5f773b75d.jpg,600,600,2,209,12,399,255
96f18f68-03ef-11ea-b56a-72b5f773b75d.jpg,600,600,2,200,29,379,258
97058266-03ef-11ea-b56a-72b5f773b75d.jpg,600,600,2,193,10,376,259
9718948c-03ef-11ea-b56a-72b5f773b75d.jpg,600,600,2,182,56,329,252
973bc27c-03ef-11ea-b56a-72b5f773b75d.jpg,600,600,2,173,53,316,248
975bd06c-03ef-11ea-b56a-72b5f773b75d.jpg,600,600,2,160,77,258,248
975fb8de-fcb6-11e9-aacc-72b5f773b75d.jpg,600,600,1,221,38,301,252
976f2f04-03ef-11ea-b56a-72b5f773b75d.jpg,600,600,2,159,92,247,245
97a150b0-03ef-11ea-b56a-72b5f773b75d.jpg,600,600,2,192,103,286,231
983ba178-fcb6-11e9-aacc-72b5f773b75d.jpg,600,600,1,219,34,305,250
984d1ebc-fcb6-11e9-aacc-72b5f773b75d.jpg,600,600,1,220,39,306,252
98c0e8d2-f9e7-11e9-956f-72b5f773b75d.jpg,300,300,1,207,96,251,145
98d1b388-f9e7-11e9-956f-72b5f773b75d.jpg,300,300,1,209,98,254,149
98e32d52-f9e7-11e9-956f-72b5f773b75d.jpg,300,300,1,212,95,264,150
9943cdec-f9e7-11e9-956f-72b5f773b75d.jpg,300,300,1,89,101,153,144
9952d58a-f9e7-11e9-956f-72b5f773b75d.jpg,300,300,1,92,100,156,146
9952d58a-f9e7-11e9-956f-72b5f773b75d.jpg,300,300,1,92,100,156,146
9961edcc-f9e7-11e9-956f-72b5f773b75d.jpg,300,300,1,98,101,156,144
99803264-f9e7-11e9-956f-72b5f773b75d.jpg,300,300,1,105,99,164,144
998f4b3c-f9e7-11e9-956f-72b5f773b75d.jpg,300,300,1,104,99,166,144
999ee1d2-f9e7-11e9-956f-72b5f773b75d.jpg,300,300,1,103,98,164,143
99ae0c8e-f9e7-11e9-956f-72b5f773b75d.jpg,300,300,1,108,97,168,144
9a08fcf2-f9e7-11e9-956f-72b5f773b75d.jpg,300,300,1,113,96,168,143
9a276304-f9e7-11e9-956f-72b5f773b75d.jpg,300,300,1,113,95,167,143
9a276304-f9e7-11e9-956f-72b5f773b75d.jpg,300,300,1,117,95,170,143
9a458ab0-fcb6-11e9-aacc-72b5f773b75d.jpg,600,600,1,218,53,311,250
9a459ce8-f9e7-11e9-956f-72b5f773b75d.jpg,300,300,1,113,95,169,144
9a459ce8-f9e7-11e9-956f-72b5f773b75d.jpg,300,300,1,113,95,169,144
9a643fcc-f9e7-11e9-956f-72b5f773b75d.jpg,300,300,1,115,98,176,144
9a920afc-fcb6-11e9-aacc-72b5f773b75d.jpg,600,600,1,222,89,306,252
9a920afc-fcb6-11e9-aacc-72b5f773b75d.jpg,600,600,1,222,89,306,252
9aa4180a-fcb6-11e9-aacc-72b5f773b75d.jpg,600,600,1,220,84,294,249
9aa4180a-fcb6-11e9-aacc-72b5f773b75d.jpg,600,600,1,220,84,294,249
9ab7064a-fcb6-11e9-aacc-72b5f773b75d.jpg,600,600,1,220,81,296,249
9ab7064a-fcb6-11e9-aacc-72b5f773b75d.jpg,600,600,1,220,81,296,249
9ff2abb4-fcb6-11e9-aacc-72b5f773b75d.jpg,600,600,1,219,45,296,249
a5a49510-f9f3-11e9-956f-72b5f773b75d.jpg,300,300,2,178,100,233,149
a5f0a55e-f9f3-11e9-956f-72b5f773b75d.jpg,300,300,2,185,100,250,149
a8031014-fcb6-11e9-aacc-72b5f773b75d.jpg,600,600,1,224,49,375,236
a8396452-fcb6-11e9-aacc-72b5f773b75d.jpg,600,600,1,225,50,393,233
a8739604-fcb6-11e9-aacc-72b5f773b75d.jpg,600,600,1,216,49,367,233
a8859656-fcb6-11e9-aacc-72b5f773b75d.jpg,600,600,1,236,52,385,229
a8a67d9e-fcb6-11e9-aacc-72b5f773b75d.jpg,600,600,1,239,58,402,228
a8b89088-fcb6-11e9-aacc-72b5f773b75d.jpg,600,600,1,252,62,375,234
aa3ee040-fc27-11e9-b6f9-72b5f773b75d.jpg,600,600,1,308,175,367,214
aa56538c-07f4-11ea-ae5f-72b5f773b75d.jpg,600,600,2,380,200,487,325
aadc99ca-07f3-11ea-ae5f-72b5f773b75d.jpg,600,600,2,273,310,419,594
ab72c97c-07f3-11ea-ae5f-72b5f773b75d.jpg,600,600,2,315,290,489,592
accbe0a6-07f3-11ea-ae5f-72b5f773b75d.jpg,600,600,2,271,1,509,383
ad2376bc-fc1e-11e9-b6f9-72b5f773b75d.jpg,600,600,1,378,5,549,274
ad250aa0-07f3-11ea-ae5f-72b5f773b75d.jpg,600,600,2,168,31,381,380
ad36a516-fc1e-11e9-b6f9-72b5f773b75d.jpg,600,600,1,362,3,554,263
ad7962ca-fc1e-11e9-b6f9-72b5f773b75d.jpg,600,600,1,49,49,223,263
ad8d1950-fc1e-11e9-b6f9-72b5f773b75d.jpg,600,600,1,50,33,225,263
ada18c56-fc27-11e9-b6f9-72b5f773b75d.jpg,600,600,1,310,176,369,213
ade4973e-fc1e-11e9-b6f9-72b5f773b75d.jpg,600,600,1,381,26,552,255
ae2657e8-fcb7-11e9-aacc-72b5f773b75d.jpg,600,600,2,232,62,467,223
ae3942ea-fcb7-11e9-aacc-72b5f773b75d.jpg,600,600,2,225,64,454,224
ae4a7b5a-fcb7-11e9-aacc-72b5f773b75d.jpg,600,600,2,230,61,451,222
ae50b64e-fc1e-11e9-b6f9-72b5f773b75d.jpg,600,600,1,74,27,281,263
ae5f97d8-fcb7-11e9-aacc-72b5f773b75d.jpg,600,600,2,222,51,447,225
ae71fc8e-fcb7-11e9-aacc-72b5f773b75d.jpg,600,600,2,227,54,453,227
ae838cba-fcb7-11e9-aacc-72b5f773b75d.jpg,600,600,2,223,54,448,232
ae8c4e8a-07f3-11ea-ae5f-72b5f773b75d.jpg,600,600,2,164,69,381,369
ae95219e-fc1e-11e9-b6f9-72b5f773b75d.jpg,600,600,1,248,10,443,254
ae953848-fcb7-11e9-aacc-72b5f773b75d.jpg,600,600,2,227,64,426,226
aea6ec30-fc1e-11e9-b6f9-72b5f773b75d.jpg,600,600,1,249,11,449,256
aea7e4fc-fcb7-11e9-aacc-72b5f773b75d.jpg,600,600,2,227,55,419,225
aeb9d62e-fc1e-11e9-b6f9-72b5f773b75d.jpg,600,600,1,249,14,444,255
aecc8166-fc1e-11e9-b6f9-72b5f773b75d.jpg,600,600,1,245,15,450,254
aede6c64-fc1e-11e9-b6f9-72b5f773b75d.jpg,600,600,1,251,11,454,257
aee61e5c-fcb7-11e9-aacc-72b5f773b75d.jpg,600,600,2,176,114,311,234
aee93ff0-07f3-11ea-ae5f-72b5f773b75d.jpg,600,600,2,171,51,385,368
aef0062c-fc1e-11e9-b6f9-72b5f773b75d.jpg,600,600,1,248,21,448,256
aef77616-fcb7-11e9-aacc-72b5f773b75d.jpg,600,600,2,150,108,300,240
af03def4-fc1e-11e9-b6f9-72b5f773b75d.jpg,600,600,1,252,10,460,255
af15e590-fc1e-11e9-b6f9-72b5f773b75d.jpg,600,600,1,245,21,445,254
af27d9f8-fc1e-11e9-b6f9-72b5f773b75d.jpg,600,600,1,223,34,448,255
af39c3b6-fc1e-11e9-b6f9-72b5f773b75d.jpg,600,600,1,214,39,449,252
af39c3b6-fc1e-11e9-b6f9-72b5f773b75d.jpg,600,600,1,211,34,448,248
af4d3a04-fc1e-11e9-b6f9-72b5f773b75d.jpg,600,600,1,205,43,412,251
af4d3a04-fc1e-11e9-b6f9-72b5f773b75d.jpg,600,600,1,205,43,412,251
af4d80aa-07f3-11ea-ae5f-72b5f773b75d.jpg,600,600,2,174,62,334,378
af5ef6c2-fc1e-11e9-b6f9-72b5f773b75d.jpg,600,600,1,195,50,393,245
af70e60c-fc1e-11e9-b6f9-72b5f773b75d.jpg,600,600,1,187,44,403,238
af721bc8-fcb7-11e9-aacc-72b5f773b75d.jpg,600,600,2,41,105,207,249
af84514e-fcb7-11e9-aacc-72b5f773b75d.jpg,600,600,2,26,114,192,260
af8507ae-fc1e-11e9-b6f9-72b5f773b75d.jpg,600,600,1,177,51,391,246
af95ec4a-fc1e-11e9-b6f9-72b5f773b75d.jpg,600,600,1,172,49,340,240
afaa6bfc-fc1e-11e9-b6f9-72b5f773b75d.jpg,600,600,1,165,53,345,244
afbb04cc-07f3-11ea-ae5f-72b5f773b75d.jpg,600,600,2,168,55,385,369
afbeaacc-fc1e-11e9-b6f9-72b5f773b75d.jpg,600,600,1,159,58,314,236
afbeaacc-fc1e-11e9-b6f9-72b5f773b75d.jpg,600,600,1,159,58,314,236
afc4e236-fcb7-11e9-aacc-72b5f773b75d.jpg,600,600,2,348,79,498,247
afd0c694-fc1e-11e9-b6f9-72b5f773b75d.jpg,600,600,1,148,52,283,242
aff2adb8-fc1e-11e9-b6f9-72b5f773b75d.jpg,600,600,1,141,80,264,244
b0051810-fcb7-11e9-aacc-72b5f773b75d.jpg,600,600,2,231,76,434,254
b0064f1c-fc1e-11e9-b6f9-72b5f773b75d.jpg,600,600,1,125,74,215,235
b017be38-07f3-11ea-ae5f-72b5f773b75d.jpg,600,600,2,174,72,348,375
b019a0a0-fcb7-11e9-aacc-72b5f773b75d.jpg,600,600,2,221,81,416,255
b02a2168-07f3-11ea-ae5f-72b5f773b75d.jpg,600,600,2,172,84,336,374
b02b25fa-fcb7-11e9-aacc-72b5f773b75d.jpg,600,600,2,200,80,405,258
b03ee72a-fcb7-11e9-aacc-72b5f773b75d.jpg,600,600,2,175,74,379,252
b0531d62-fcb7-11e9-aacc-72b5f773b75d.jpg,600,600,2,152,81,369,258
b06506f8-fcb7-11e9-aacc-72b5f773b75d.jpg,600,600,2,127,85,324,252
b06612bc-fc1e-11e9-b6f9-72b5f773b75d.jpg,600,600,1,266,92,349,220
b0779336-fcb7-11e9-aacc-72b5f773b75d.jpg,600,600,2,117,84,338,265
b0896c96-fcb7-11e9-aacc-72b5f773b75d.jpg,600,600,2,88,86,312,263
b0960242-fc1e-11e9-b6f9-72b5f773b75d.jpg,600,600,1,260,88,344,215
b09bba72-fcb7-11e9-aacc-72b5f773b75d.jpg,600,600,2,60,80,282,280
b0c42600-07f3-11ea-ae5f-72b5f773b75d.jpg,600,600,2,172,52,371,371
b0cf5b16-fcb7-11e9-aacc-72b5f773b75d.jpg,600,600,2,169,76,414,253
b0e10e4c-fcb7-11e9-aacc-72b5f773b75d.jpg,600,600,2,143,67,406,274
b0f3276c-fcb7-11e9-aacc-72b5f773b75d.jpg,600,600,2,123,56,393,261
b0f3276c-fcb7-11e9-aacc-72b5f773b75d.jpg,600,600,2,119,72,390,271
b10844e4-fcb7-11e9-aacc-72b5f773b75d.jpg,600,600,2,88,54,354,276
b11b64de-fcb7-11e9-aacc-72b5f773b75d.jpg,600,600,2,66,62,324,278
b11d82e0-07f3-11ea-ae5f-72b5f773b75d.jpg,600,600,2,165,32,389,369
b133c5a6-fcb7-11e9-aacc-72b5f773b75d.jpg,600,600,2,58,64,295,267
b133c5a6-fcb7-11e9-aacc-72b5f773b75d.jpg,600,600,2,58,64,295,267
b140548c-07f3-11ea-ae5f-72b5f773b75d.jpg,600,600,2,167,9,417,377
b14a3bd8-fcb7-11e9-aacc-72b5f773b75d.jpg,600,600,2,27,54,278,278
b14a856e-fc1e-11e9-b6f9-72b5f773b75d.jpg,600,600,1,260,90,340,221
b17eea7c-fcb7-11e9-aacc-72b5f773b75d.jpg,600,600,2,319,53,553,256
b1931d3a-fcb7-11e9-aacc-72b5f773b75d.jpg,600,600,2,316,54,586,257
b1a4aff4-07f3-11ea-ae5f-72b5f773b75d.jpg,600,600,2,163,12,421,377
b1d393ba-fcb7-11e9-aacc-72b5f773b75d.jpg,600,600,2,6,74,205,265
b1e68056-fcb7-11e9-aacc-72b5f773b75d.jpg,600,600,2,9,78,166,266
b1e95b22-fc27-11e9-b6f9-72b5f773b75d.jpg,600,600,1,311,176,367,213
b1eb844c-07f3-11ea-ae5f-72b5f773b75d.jpg,600,600,2,176,100,322,376
b2112152-07f3-11ea-ae5f-72b5f773b75d.jpg,600,600,2,161,102,333,375
b2460f5c-07f3-11ea-ae5f-72b5f773b75d.jpg,600,600,2,164,111,336,381
b269ee7c-07f3-11ea-ae5f-72b5f773b75d.jpg,600,600,2,164,96,325,378
b2bdb93e-fc1e-11e9-b6f9-72b5f773b75d.jpg,600,600,1,254,95,352,219
b2d0c812-fc1e-11e9-b6f9-72b5f773b75d.jpg,600,600,1,251,96,340,220
b2dd16e0-07f3-11ea-ae5f-72b5f773b75d.jpg,600,600,2,167,43,338,375
b2e1c3d8-fc1e-11e9-b6f9-72b5f773b75d.jpg,600,600,1,238,97,334,220
b33a1e3a-07f3-11ea-ae5f-72b5f773b75d.jpg,600,600,2,161,61,325,377
b37f550e-07f3-11ea-ae5f-72b5f773b75d.jpg,600,600,2,159,71,314,373
b3bc0df0-07f3-11ea-ae5f-72b5f773b75d.jpg,600,600,2,159,71,321,373
b3e8fbc6-fc27-11e9-b6f9-72b5f773b75d.jpg,600,600,1,308,172,371,213
b3f3e6b2-07f3-11ea-ae5f-72b5f773b75d.jpg,600,600,2,150,67,338,366
b41774d8-07f3-11ea-ae5f-72b5f773b75d.jpg,600,600,2,149,44,341,368
b44df526-07f3-11ea-ae5f-72b5f773b75d.jpg,600,600,2,145,67,312,366
b472a876-07f3-11ea-ae5f-72b5f773b75d.jpg,600,600,2,140,61,327,368
b474e46a-fbdc-11e9-b6f9-72b5f773b75d.jpg,600,600,1,78,100,196,249
b4afdbe2-fc27-11e9-b6f9-72b5f773b75d.jpg,600,600,1,311,175,370,215
b4d3302e-07f3-11ea-ae5f-72b5f773b75d.jpg,600,600,2,155,67,340,363
b51e96b8-07f3-11ea-ae5f-72b5f773b75d.jpg,600,600,2,169,78,322,367
b530c9d2-07f3-11ea-ae5f-72b5f773b75d.jpg,600,600,2,171,62,342,373
b5431088-07f3-11ea-ae5f-72b5f773b75d.jpg,600,600,2,168,79,318,374
b5a21646-07f3-11ea-ae5f-72b5f773b75d.jpg,600,600,2,170,66,383,367
b5e8e4e0-07f3-11ea-ae5f-72b5f773b75d.jpg,600,600,2,173,64,349,372
b60d1e78-07f3-11ea-ae5f-72b5f773b75d.jpg,600,600,2,167,86,309,374
b664b674-07f3-11ea-ae5f-72b5f773b75d.jpg,600,600,2,169,77,348,370
b69e2ada-07f3-11ea-ae5f-72b5f773b75d.jpg,600,600,2,169,73,335,375
b6c1bf54-07f3-11ea-ae5f-72b5f773b75d.jpg,600,600,2,173,66,378,362
b6f7bd34-07f3-11ea-ae5f-72b5f773b75d.jpg,600,600,2,169,76,363,368
b72ff76c-07f3-11ea-ae5f-72b5f773b75d.jpg,600,600,2,169,84,305,374
b76e10c4-fc27-11e9-b6f9-72b5f773b75d.jpg,600,600,1,310,177,367,216
b7c5c1ca-07f3-11ea-ae5f-72b5f773b75d.jpg,600,600,2,162,61,369,372
b7fb6b5e-07f3-11ea-ae5f-72b5f773b75d.jpg,600,600,2,159,73,336,365
b80d93b0-07f3-11ea-ae5f-72b5f773b75d.jpg,600,600,2,161,71,363,373
b8321500-07f3-11ea-ae5f-72b5f773b75d.jpg,600,600,2,156,72,331,369
b84739da-07f3-11ea-ae5f-72b5f773b75d.jpg,600,600,2,156,74,343,367
b8596b0a-07f3-11ea-ae5f-72b5f773b75d.jpg,600,600,2,161,64,383,374
b8caf266-07f3-11ea-ae5f-72b5f773b75d.jpg,600,600,2,166,87,299,375
b93a8e96-07f3-11ea-ae5f-72b5f773b75d.jpg,600,600,2,162,89,302,371
b963be74-07f3-11ea-ae5f-72b5f773b75d.jpg,600,600,2,161,79,331,364
b9860edc-fc1f-11e9-b6f9-72b5f773b75d.jpg,600,600,1,199,132,266,216
b99720b4-fc1f-11e9-b6f9-72b5f773b75d.jpg,600,600,1,207,128,274,220
b99d21d2-07f3-11ea-ae5f-72b5f773b75d.jpg,600,600,2,163,72,307,373
b9af5f6e-07f3-11ea-ae5f-72b5f773b75d.jpg,600,600,2,163,68,346,368
b9d5ef24-fc1f-11e9-b6f9-72b5f773b75d.jpg,600,600,1,226,131,298,222
b9e6b144-07f3-11ea-ae5f-72b5f773b75d.jpg,600,600,2,162,71,351,370
b9e6e676-fc1f-11e9-b6f9-72b5f773b75d.jpg,600,600,1,234,127,303,220
b9f993f2-fc1f-11e9-b6f9-72b5f773b75d.jpg,600,600,1,238,128,305,220
ba445358-07f3-11ea-ae5f-72b5f773b75d.jpg,600,600,2,161,77,306,373
ba6c44bc-07f3-11ea-ae5f-72b5f773b75d.jpg,600,600,2,160,58,370,367
ba90ec72-07f3-11ea-ae5f-72b5f773b75d.jpg,600,600,2,163,79,310,371
bac88c86-07f3-11ea-ae5f-72b5f773b75d.jpg,600,600,2,168,77,303,376
bae25b82-fc1f-11e9-b6f9-72b5f773b75d.jpg,600,600,1,309,110,412,226
baf37fac-fc1f-11e9-b6f9-72b5f773b75d.jpg,600,600,1,323,88,421,223
bafdf4a2-07f3-11ea-ae5f-72b5f773b75d.jpg,600,600,2,165,71,331,369
bb05160e-fc1f-11e9-b6f9-72b5f773b75d.jpg,600,600,1,329,104,415,226
bb05160e-fc1f-11e9-b6f9-72b5f773b75d.jpg,600,600,1,339,53,454,224
bb10ecf6-07f3-11ea-ae5f-72b5f773b75d.jpg,600,600,2,164,54,374,370
bb17eb44-fc1f-11e9-b6f9-72b5f773b75d.jpg,600,600,1,332,53,458,219
bb17eb44-fc1f-11e9-b6f9-72b5f773b75d.jpg,600,600,1,325,105,419,220
bb2b20ce-fc1f-11e9-b6f9-72b5f773b75d.jpg,600,600,1,335,55,452,221
bb3f487e-fc1f-11e9-b6f9-72b5f773b75d.jpg,600,600,1,347,62,456,219
bb71876e-07f3-11ea-ae5f-72b5f773b75d.jpg,600,600,2,166,70,346,370
bb71876e-07f3-11ea-ae5f-72b5f773b75d.jpg,600,600,2,185,45,415,362
bb7519c2-fc1f-11e9-b6f9-72b5f773b75d.jpg,600,600,1,283,45,369,214
bb95ab38-fc1f-11e9-b6f9-72b5f773b75d.jpg,600,600,1,291,34,374,218
bba69182-fc1f-11e9-b6f9-72b5f773b75d.jpg,600,600,1,291,37,375,212
bbb79324-fc1f-11e9-b6f9-72b5f773b75d.jpg,600,600,1,292,38,378,218
bbc9dfb6-fc1f-11e9-b6f9-72b5f773b75d.jpg,600,600,1,294,37,384,212
bbf30212-07f3-11ea-ae5f-72b5f773b75d.jpg,600,600,2,169,82,299,372
bc17cdb8-07f3-11ea-ae5f-72b5f773b75d.jpg,600,600,2,165,69,371,368
bc255a8a-fc1f-11e9-b6f9-72b5f773b75d.jpg,600,600,1,340,106,434,223
bc37b9c8-fc1f-11e9-b6f9-72b5f773b75d.jpg,600,600,1,348,101,440,225
bc37b9c8-fc1f-11e9-b6f9-72b5f773b75d.jpg,600,600,1,347,100,442,222
bc55822a-07f3-11ea-ae5f-72b5f773b75d.jpg,600,600,2,153,71,338,372
bc6fb74c-07f5-11ea-ae5f-72b5f773b75d.jpg,600,600,2,495,219,594,334
bc7a7274-07f3-11ea-ae5f-72b5f773b75d.jpg,600,600,2,148,75,305,366
bcb33028-fc27-11e9-b6f9-72b5f773b75d.jpg,600,600,1,311,177,367,214
bcba5a04-fc1f-11e9-b6f9-72b5f773b75d.jpg,600,600,1,345,101,451,228
bcba5a04-fc1f-11e9-b6f9-72b5f773b75d.jpg,600,600,1,345,101,451,228
bcc0d7d0-07f5-11ea-ae5f-72b5f773b75d.jpg,600,600,2,342,221,470,326
bccdf8b6-fc1f-11e9-b6f9-72b5f773b75d.jpg,600,600,1,351,99,459,230
bce891fa-07f3-11ea-ae5f-72b5f773b75d.jpg,600,600,2,162,82,349,368
bd46de18-07f3-11ea-ae5f-72b5f773b75d.jpg,600,600,2,178,60,376,379
bd6af1d6-07f3-11ea-ae5f-72b5f773b75d.jpg,600,600,2,176,72,336,378
bda10f82-07f3-11ea-ae5f-72b5f773b75d.jpg,600,600,2,179,59,343,374
bdd653cc-07f3-11ea-ae5f-72b5f773b75d.jpg,600,600,2,178,57,335,383
bdd653cc-07f3-11ea-ae5f-72b5f773b75d.jpg,600,600,2,190,37,437,363
be0f93da-07f3-11ea-ae5f-72b5f773b75d.jpg,600,600,2,178,9,403,383
be35aa8e-07f3-11ea-ae5f-72b5f773b75d.jpg,600,600,2,174,60,312,377
be9012da-07f3-11ea-ae5f-72b5f773b75d.jpg,600,600,2,182,52,338,374
beb5d498-07f3-11ea-ae5f-72b5f773b75d.jpg,600,600,2,170,53,393,366
beef35a8-07f3-11ea-ae5f-72b5f773b75d.jpg,600,600,2,189,36,355,374
bf1661c8-07f3-11ea-ae5f-72b5f773b75d.jpg,600,600,2,185,0,401,380
bf6cc6e4-07f3-11ea-ae5f-72b5f773b75d.jpg,600,600,2,187,0,407,375
bfb1f78c-07f3-11ea-ae5f-72b5f773b75d.jpg,600,600,2,184,1,394,376
bfea02f8-07f3-11ea-ae5f-72b5f773b75d.jpg,600,600,2,173,1,395,381
c00b5fa6-fcd7-11e9-aacc-72b5f773b75d.jpg,600,600,1,3,20,170,297
c01ea0a2-fcd7-11e9-aacc-72b5f773b75d.jpg,600,600,1,0,22,202,305
c0332a68-fcd7-11e9-aacc-72b5f773b75d.jpg,600,600,1,5,35,252,300
c0b90dfa-07f3-11ea-ae5f-72b5f773b75d.jpg,600,600,2,175,7,396,386
c101504c-07f3-11ea-ae5f-72b5f773b75d.jpg,600,600,2,161,18,407,383
c113e7b6-07f3-11ea-ae5f-72b5f773b75d.jpg,600,600,2,161,33,369,372
c17fd3c2-07f3-11ea-ae5f-72b5f773b75d.jpg,600,600,2,178,57,334,370
c1c25ee0-07f3-11ea-ae5f-72b5f773b75d.jpg,600,600,2,119,84,361,371
c451a220-f9d3-11e9-956f-72b5f773b75d.jpg,300,300,1,124,95,180,142
c4c6b24a-f9d3-11e9-956f-72b5f773b75d.jpg,300,300,1,95,97,155,145
c4d5be48-f9d3-11e9-956f-72b5f773b75d.jpg,300,300,1,94,95,153,146
c4f340f8-f9d3-11e9-956f-72b5f773b75d.jpg,300,300,1,88,95,147,147
c53cbea4-f9d3-11e9-956f-72b5f773b75d.jpg,300,300,1,74,95,122,148
c54d7e7e-f9d3-11e9-956f-72b5f773b75d.jpg,300,300,1,74,95,121,148
d5cee80a-fc21-11e9-b6f9-72b5f773b75d.jpg,600,600,1,279,1,600,290
d5e2aee4-fc21-11e9-b6f9-72b5f773b75d.jpg,600,600,1,287,0,597,276
d63760d8-fc21-11e9-b6f9-72b5f773b75d.jpg,600,600,1,2,0,196,287
d64b785c-fc21-11e9-b6f9-72b5f773b75d.jpg,600,600,1,3,0,194,287
d696999a-fc21-11e9-b6f9-72b5f773b75d.jpg,600,600,1,194,0,502,274
d6a93032-fc21-11e9-b6f9-72b5f773b75d.jpg,600,600,1,217,0,499,272
d6bb4952-fc21-11e9-b6f9-72b5f773b75d.jpg,600,600,1,252,0,506,270
dd4854c0-f9d0-11e9-956f-72b5f773b75d.jpg,300,300,2,217,92,276,138
de5ae38c-fcc8-11e9-aacc-72b5f773b75d.jpg,600,600,1,190,33,325,309
de6d0e68-fcc8-11e9-aacc-72b5f773b75d.jpg,600,600,1,185,19,323,312
de7eb85c-fcc8-11e9-aacc-72b5f773b75d.jpg,600,600,1,185,12,318,309
de90c542-fcc8-11e9-aacc-72b5f773b75d.jpg,600,600,1,182,0,307,307
dea3e0f0-fcc8-11e9-aacc-72b5f773b75d.jpg,600,600,1,186,0,303,298
e0ee2ece-f9d0-11e9-956f-72b5f773b75d.jpg,300,300,2,167,95,205,132
e11eaf34-fc2f-11e9-b6f9-72b5f773b75d.jpg,600,600,1,241,4,445,254
e1ab09ae-f9d0-11e9-956f-72b5f773b75d.jpg,300,300,2,161,96,205,133
e1c8ac2a-f9d0-11e9-956f-72b5f773b75d.jpg,300,300,2,158,96,199,132
e1c8ac2a-f9d0-11e9-956f-72b5f773b75d.jpg,300,300,2,158,96,199,132
e2c936da-fcc8-11e9-aacc-72b5f773b75d.jpg,600,600,1,119,37,287,306
e2dedb70-fcc8-11e9-aacc-72b5f773b75d.jpg,600,600,1,100,35,278,311
e2f3ee2a-fcc8-11e9-aacc-72b5f773b75d.jpg,600,600,1,88,30,280,308
e2f3ee2a-fcc8-11e9-aacc-72b5f773b75d.jpg,600,600,1,88,30,280,308
e307aeec-fcc8-11e9-aacc-72b5f773b75d.jpg,600,600,1,94,27,310,304
e31b8228-fcc8-11e9-aacc-72b5f773b75d.jpg,600,600,1,79,28,299,305
e32f4d1c-fcc8-11e9-aacc-72b5f773b75d.jpg,600,600,1,64,5,282,298
e32f4d1c-fcc8-11e9-aacc-72b5f773b75d.jpg,600,600,1,63,16,279,311
e343a438-fcc8-11e9-aacc-72b5f773b75d.jpg,600,600,1,61,0,273,302
e357c3f0-fcc8-11e9-aacc-72b5f773b75d.jpg,600,600,1,58,0,296,299
e36b4812-fcc8-11e9-aacc-72b5f773b75d.jpg,600,600,1,49,0,287,295
e380bbc0-fcc8-11e9-aacc-72b5f773b75d.jpg,600,600,1,52,0,291,299
e3aa0dcc-fcc8-11e9-aacc-72b5f773b75d.jpg,600,600,1,49,0,293,303
e514e2a4-fcc8-11e9-aacc-72b5f773b75d.jpg,600,600,1,53,3,276,303
e5901f1e-fcc8-11e9-aacc-72b5f773b75d.jpg,600,600,1,52,2,294,303
e716a9b6-fcc8-11e9-aacc-72b5f773b75d.jpg,600,600,1,66,0,297,307
e73eed5e-fcc8-11e9-aacc-72b5f773b75d.jpg,600,600,1,80,1,284,304
e753d0e8-fcc8-11e9-aacc-72b5f773b75d.jpg,600,600,1,71,0,288,298
e753d0e8-fcc8-11e9-aacc-72b5f773b75d.jpg,600,600,1,78,0,284,301
e7b3906e-fcc8-11e9-aacc-72b5f773b75d.jpg,600,600,1,83,0,287,300
e7c875e2-fcc8-11e9-aacc-72b5f773b75d.jpg,600,600,1,79,4,283,302
e7c875e2-fcc8-11e9-aacc-72b5f773b75d.jpg,600,600,1,71,4,282,299
e7dcebe4-fcc8-11e9-aacc-72b5f773b75d.jpg,600,600,1,64,9,285,299
e7dcebe4-fcc8-11e9-aacc-72b5f773b75d.jpg,600,600,1,66,11,285,302
e7f08d70-fcc8-11e9-aacc-72b5f773b75d.jpg,600,600,1,58,4,286,302
e818a080-fcc8-11e9-aacc-72b5f773b75d.jpg,600,600,1,53,0,294,298
e82f371e-fcc8-11e9-aacc-72b5f773b75d.jpg,600,600,1,52,0,292,300
e843e844-fcc8-11e9-aacc-72b5f773b75d.jpg,600,600,1,48,0,289,293
e858be90-fcc8-11e9-aacc-72b5f773b75d.jpg,600,600,1,51,5,284,307
e86ec690-fcc8-11e9-aacc-72b5f773b75d.jpg,600,600,1,43,0,287,295
e89fed10-fcc8-11e9-aacc-72b5f773b75d.jpg,600,600,1,39,24,296,303
e8b3da82-fcc8-11e9-aacc-72b5f773b75d.jpg,600,600,1,30,27,284,311
e8c7ee0a-fcc8-11e9-aacc-72b5f773b75d.jpg,600,600,1,26,43,272,306
e8dc8bee-fcc8-11e9-aacc-72b5f773b75d.jpg,600,600,1,12,40,259,299
e8dc8bee-fcc8-11e9-aacc-72b5f773b75d.jpg,600,600,1,10,35,262,302
e8f1467e-fcc8-11e9-aacc-72b5f773b75d.jpg,600,600,1,3,36,252,296
e904c62c-fcc8-11e9-aacc-72b5f773b75d.jpg,600,600,1,1,29,241,309
e93c0236-fcc8-11e9-aacc-72b5f773b75d.jpg,600,600,1,159,5,418,285
e94eaecc-fcc8-11e9-aacc-72b5f773b75d.jpg,600,600,1,165,0,421,279
e963e4ae-fcc8-11e9-aacc-72b5f773b75d.jpg,600,600,1,159,0,412,283
e99a3414-fcc8-11e9-aacc-72b5f773b75d.jpg,600,600,1,124,4,389,284
e9acfd06-fcc8-11e9-aacc-72b5f773b75d.jpg,600,600,1,113,2,388,288
e9bef29a-fcc8-11e9-aacc-72b5f773b75d.jpg,600,600,1,102,1,387,285
e9d20c72-fcc8-11e9-aacc-72b5f773b75d.jpg,600,600,1,101,3,383,286
e9e31ad0-fcc8-11e9-aacc-72b5f773b75d.jpg,600,600,1,96,0,371,291
e9f711a2-fcc8-11e9-aacc-72b5f773b75d.jpg,600,600,1,95,0,372,288
ea1bed60-fcc8-11e9-aacc-72b5f773b75d.jpg,600,600,1,93,0,362,289
ec140a76-fcc8-11e9-aacc-72b5f773b75d.jpg,600,600,1,93,0,368,286
ec288aaa-fcc8-11e9-aacc-72b5f773b75d.jpg,600,600,1,90,0,369,288
ec42476a-fcc8-11e9-aacc-72b5f773b75d.jpg,600,600,1,74,0,364,287
ec5979d0-fcc8-11e9-aacc-72b5f773b75d.jpg,600,600,1,50,5,354,287
ec793464-fcc8-11e9-aacc-72b5f773b75d.jpg,600,600,1,42,0,356,291
ec8f04ec-fcc8-11e9-aacc-72b5f773b75d.jpg,600,600,1,91,0,408,291
ecd6181e-fcc8-11e9-aacc-72b5f773b75d.jpg,600,600,1,296,0,589,284
fb502290-fcc8-11e9-aacc-72b5f773b75d.jpg,600,600,2,185,63,358,292
fb628fde-fcc8-11e9-aacc-72b5f773b75d.jpg,600,600,2,173,61,366,290
fb73ef18-fcc8-11e9-aacc-72b5f773b75d.jpg,600,600,2,141,43,335,304
fb8663aa-fcc8-11e9-aacc-72b5f773b75d.jpg,600,600,2,128,38,342,298
fb97abd8-fcc8-11e9-aacc-72b5f773b75d.jpg,600,600,2,111,61,312,301
fba917ba-fcc8-11e9-aacc-72b5f773b75d.jpg,600,600,2,97,46,305,298
fba917ba-fcc8-11e9-aacc-72b5f773b75d.jpg,600,600,2,98,44,303,304
fbbcb7b6-fcc8-11e9-aacc-72b5f773b75d.jpg,600,600,2,75,44,313,295
fbd196ea-fcc8-11e9-aacc-72b5f773b75d.jpg,600,600,2,67,43,311,296
fbd7af5a-08a6-11ea-97d8-72b5f773b75d.jpg,600,600,2,331,182,441,348
fc23bb50-fcc8-11e9-aacc-72b5f773b75d.jpg,600,600,2,285,22,531,285
fc37f3d6-fcc8-11e9-aacc-72b5f773b75d.jpg,600,600,2,260,37,496,274
fc792036-fcc8-11e9-aacc-72b5f773b75d.jpg,600,600,2,0,50,184,294
fcc3da72-fcc8-11e9-aacc-72b5f773b75d.jpg,600,600,2,72,20,316,285
ff1f0da0-fc28-11e9-b6f9-72b5f773b75d.jpg,600,600,1,320,114,395,219
ffd65d7a-fc28-11e9-b6f9-72b5f773b75d.jpg,600,600,1,321,98,444,223
